2018-07-18 12:23:37,"Eu peguei spoiler do #MasterchefBR 

Perde muito a gra√ßa... :-("
2018-07-18 04:32:11,N√£o acredito que meu favorito Thiago saiu :( #MasterChefBR
2018-07-18 04:10:31,"#MasterChefBR smp quis a Eliane na final (espero q ela chegue l√°), mas ver o Major sair doeu :("
2018-07-18 04:01:44,"Meu favorito do @masterchefbr saiu :( T√¥ bem triste. Chorei junto com o foga√ßa hahahahaha
#MasterChefBR 
Mas tenho‚Ä¶ https://t.co/1THum4xIIC"
2018-07-18 03:41:07,"Mano, Hugo e Major era pra ser a final!!!
T√¥ nada bem com esta elimina√ß√£o do Major :(
Foi mta cagada ele e o Hugo t‚Ä¶ https://t.co/1Wyjt0jnpU"
2018-07-18 03:35:14,"O Foga√ßa levando o Major at√© a porta. S√©rio, sem condi√ß√µes :( #MasterChefBR"
2018-07-18 03:34:29,o Major com certeza merecia ganhar esse programa eu apostava nele desde o in√≠cio meu cora√ß√£o t√° em pedacinhos :( ma‚Ä¶ https://t.co/LKufJemCta
2018-07-18 03:34:01,Queria muito que Thiago ganhasse esse mchef. Ele era o melhor de todos. Merecia muito :( #Masterchefbr
2018-07-18 03:33:38,"Thiago era um baita de um cozinheiro que eu poderia jurar que ia para a final, t√¥ bem triste :( #MasterChefBR"
2018-07-18 03:33:37,"RT @mariduardaalves: T√¥ chorando com o Foga√ßa levando o Thiago, que cena :( #MasterChefBR"
2018-07-18 03:33:17,RT @EddySensualize: Major cozinhou muito bem. De verdade nao quer√≠a que saisse! :(  estava torcendo pro hugo e pra ele! Agora #GanhaHugo #M‚Ä¶
2018-07-18 03:33:08,"T√¥ chorando com o Foga√ßa levando o Thiago, que cena :( #MasterChefBR"
2018-07-18 03:32:58,Sabia que o Thiago iria sair :( #MasterChefBR
2018-07-18 03:32:50,Major cozinhou muito bem. De verdade nao quer√≠a que saisse! :(  estava torcendo pro hugo e pra ele! Agora‚Ä¶ https://t.co/OqfGpPtBxX
2018-07-18 03:32:45,eu n√£o aguento ver paola e hugo chorando num dia s√≥ √© demais pra mim :( #masterchefbr
2018-07-18 03:32:44,"Major , seu lindo podia ter ficado no lugar da Maria. Eu t√¥ muito triste :(
#MasterChefBR"
2018-07-18 03:32:39,O Thiago √© sensacional! Que pena que saiu... :( #MasterChefBR
2018-07-18 03:32:37,"Paola devastada
Foga√ßa devastado
At√© jackin
EU ENT√ÉO.. 
:(
#MasterChefBR"
2018-07-18 03:32:33,Que lindo .. lament√°vel n√£o üëé estar os dois :( #MasterChefBR
2018-07-18 03:32:19,"Feliz pelo Hugo e muito triste pelo major :( meus preferidos a essa altura
#MasterChefBR"
2018-07-18 03:32:18,"o thiago √© pr√≠ncipe tamb√©m ne? to triste  :(
#MasterChefBR"
2018-07-18 03:32:16,Meu preferido foi embora! :( #MasterChefBR
2018-07-18 03:31:57,Mas n√£o era pro major sair tmb n√©.  :( #MasterChefBR
2018-07-18 03:31:48,ai mano eu t√¥ bem triste :(((( #MasterChefBR
2018-07-18 03:31:45,"#MasterChefBR agora que o Major saiu, n√£o tenho ningu√©m pra torcer. √â isto :("
2018-07-18 03:30:51,"feliz que o @HugoMChef ficou, mas o @ThiagoMChef sair :(((( #MasterChefBR"
2018-07-18 03:30:38,"Major tamb√©m n√£o merecia sair, meria estar numa final com o Hugo :(  #MasterChefBR"
2018-07-18 03:30:35,N√£o creio :( #MasterChefBR
2018-07-18 03:30:26,"estou triste pelo titi ter sa√≠do tamb√©m :(
#masterchefBR"
2018-07-18 03:30:12,"Thiago era meu favorito, desde o come√ßo :( #MasterChefBR"
2018-07-18 03:29:54,muito feliz que o hugo ficou mas ao mesmo tempo to triste pq o thiago√© muito bom n√£o merecia ter sa√≠do :( #MasterChefBR
2018-07-18 03:29:41,#xatiado com a sa√≠da do Thiago do #MasterChefBR :(
2018-07-18 03:29:27,"thiago saiu :( 
#MasterChefBR"
2018-07-18 03:28:50,cancela essa elimina√ß√£o...s√©rio! :((( #MasterChefBR
2018-07-18 03:28:16,ver o Foga√ßa chorando parte o meu cora√ß√£o em mil pedacinhos :( #MasterChefBR
2018-07-18 03:28:12,aaaaaa tiraram o Thiago :( #MasterChefBR
2018-07-18 03:27:57,"foga√ßa chorando, acho que o major sai :(
#MasterChefBR"
2018-07-18 03:27:06,ai mds to t√£o nervosa quero que o hugo fique :( #MasterChefBR
2018-07-18 03:27:05,"Queria TANTO os dois na final, que tristeza :( #MasterChefBR"
2018-07-18 03:25:36,A final mais linda seria Hugo x Katleen ‚ù§ :( #MasterChefBR
2018-07-18 03:24:03,RT @eaikirida: OS JURADOS CHORANDO :( EU NAO TO BEM!!!!!! #masterchefbr
2018-07-18 03:23:41,que neg√≥cio injusto era pra ser essa a final :( #MasterChefBR
2018-07-18 03:22:58,Essa final antecipada √© maldade demais :((( #MasterChefBR
2018-07-18 03:22:58,se hoje eu j√° to chorando imagina na final :( #MasterChefBR
2018-07-18 03:22:13,#MasterChefBR aaa todos ja sabem que √© thiago que vai embora. Puxa que chato :(
2018-07-18 03:21:58,"ai eu vou chorar se o hugo ou o major sairem 
ou seja vou chorar de qualquer jeito :(
#MasterChefBR"
2018-07-18 03:21:29,a carinha do hugo meu deus :(((((  #MasterChefBR
2018-07-18 03:21:13,"RT @DebhValente: Definitivamente n√£o tenho emocional pra ver o Hugo ou o Thiago indo embora.
Pela trajet√≥ria de ambos, o justo seria os doi‚Ä¶"
2018-07-18 03:20:57,"Major vai sair, N√ÉO QUERO :( #MasterChefBR"
2018-07-18 03:20:39,Foga√ßa chorando #MasterChefBR :(
2018-07-18 03:20:10,RT @luizaamp: N√£o posso com o Hugo e esse queixinho tremendo :( #MasterChefBR
2018-07-18 03:20:05,OS JURADOS CHORANDO :( EU NAO TO BEM!!!!!! #masterchefbr
2018-07-18 03:20:03,"A @PaolaCarosella √© uma fofa e ela elogia e se emociona SIM, sempre verdadeira e quando necess√°rio. E quando precis‚Ä¶ https://t.co/BKgsvoKVzV"
2018-07-18 03:19:58,"#MasterChefBR para por hoje por favor, deixa os 2 e vida que segue :("
2018-07-18 03:19:53,"O foga√ßa chorando :((( voc√™ quer o mundo, foga√ßa? Eu te dou. #MasterChefBR"
2018-07-18 03:19:50,"Eu amo tanto eles dois, meus cora√ß√£o t√° partido :( #MasterChefBR"
2018-07-18 03:19:40,"Definitivamente n√£o tenho emocional pra ver o Hugo ou o Thiago indo embora.
Pela trajet√≥ria de ambos, o justo seria‚Ä¶ https://t.co/j5p51skM42"
2018-07-18 03:19:30,#MasterChefBR Ainda colocaram a @PaolaCarosella  pra falar :(
2018-07-18 03:19:27,"AI MEU DEUS, A PAOLA T√Å EMOCIONADA DEMAIS, ACHO QUE ELA VAI DIZER ADEUS PRO HUGO :( #masterchefbr"
2018-07-18 03:19:08,eu n√£o to me aguentando aaaaaa :( #FicaHugo #MasterChefBR
2018-07-18 03:18:56,Qualquer um que sair ser√° uma perda t√£o grande :( #MasterChefBR
2018-07-18 03:18:28,O HUGO CHORANDO E TREMENDO :( #MasterChefBR
2018-07-18 03:18:15,N√£o posso com o Hugo e esse queixinho tremendo :( #MasterChefBR
2018-07-18 03:18:15,ai o Hugo chorando quebra meu cora√ß√£o :( #MasterChefBR
2018-07-18 03:18:05,"Meu deus, olha o Hugo! :( #masterchefbr"
2018-07-18 03:18:00,Para huguinho :( #masterchefbr
2018-07-18 03:17:49,"Coitado do Hugo, exclu√≠do do role :( #MasterChefBR"
2018-07-18 03:17:24,"Por que eu nunca tor√ßo pra quem a maioria torce? O que vcs tem contra mim
Eu a Deborah, vcs a Michele 
Eu o Marcelo‚Ä¶ https://t.co/Z2zdWDhCMD"
2018-07-18 03:16:59,hugo chorando deixa eu te abra√ßar nenem :(((( #MasterChefBR
2018-07-18 03:15:54,"Meus meninos chorando, eu n√£o aguento :( #MasterChefBR"
2018-07-18 03:14:50,Infelizmente sabemos que o Hugo sai :( #MasterChefBR
2018-07-18 03:14:08,"Era pra ser Thiago e Hugo na final
 :(#MasterchefBR"
2018-07-18 03:13:52,Aquele momento que voc√™ percebe que vai ter que se despedir da final que voc√™ queria! :( #MasterChefBR
2018-07-18 03:13:51,"Queria que aquelas duas nojentas sa√≠ssem, n√£o meu Huguinho e meu Major #MasterChefBR :(((("
2018-07-18 03:13:45,N√£o chora Hugo.... :( #MasterChefBR
2018-07-18 03:13:15,RT @alinessimas: Os chefs est√£o super elogiando o Major acho q j√° era pro Hugo :( #MasterChefBR
2018-07-18 03:12:25,"to triste pq os dois foram muito bem e n√£o quero que nenhum saia :(
 #MasterChefBR"
2018-07-18 03:12:20,Os chefs est√£o super elogiando o Major acho q j√° era pro Hugo :( #MasterChefBR
2018-07-18 03:10:37,#MasterChefBR n√£o chora galera aaaaa :(
2018-07-18 03:10:36,"O Thiago vai sair :(
O Hugo vai ficar :)
#MasterChefBR"
2018-07-18 03:10:24,Da pra n√£o sair nem o Hugo nem o Thiago pfv? :( #MasterChefBR
2018-07-18 03:08:32,MDS o Hugo tremendo o queixo pra n√£o chorar :( #MasterChefBR
2018-07-18 03:03:55,"A transmiss√£o online do #MasterChefBR no site da @BandTV sempre trava na virada do dia, impressionante.. :("
2018-07-18 03:03:31,RT @gabstav: esse duelo de hoje era pra ser na final :( #MasterChefBR
2018-07-18 03:02:39,Acho que o Thiago sai :( #MasterChefBR
2018-07-18 03:01:54,Ainda tentando entender pq a galera do twitter odeia o Thiago :( #MasterChefBR
2018-07-18 03:01:37,Era pra ser a final com o hugo e o major :( #MasterChefBr
2018-07-18 03:01:13,Tadinho do meu filho Hugo todo se tremendo :( #MasterChefBR
2018-07-18 03:00:48,O Hugo n√£o pode sair :( #MasterChefBR
2018-07-18 03:00:17,RT @Ju_assmann: Gosto dos 2 :( #MasterChefBR
2018-07-18 02:59:25,"acho legal o fato de serem duas mulheres na final, mas no lugar da Maria Ant√¥nia devia ser a Rita :( era raro Rita‚Ä¶ https://t.co/kfKJXeQh25"
2018-07-18 02:58:46,RT @gabstav: esse duelo de hoje era pra ser na final :( #MasterChefBR
2018-07-18 02:56:59,"o pior √© que eles t√£o na mesma bancada, ou seja, √© mais press√£o :( #MasterChefBR"
2018-07-18 02:56:27,Geeeente! Falando s√©rio... vcs tamb√©m ficam muito triste assistindo #MasterChefBR ? Acho muita maldade no cora√ß√£o n‚Ä¶ https://t.co/yhUiPoP80Q
2018-07-18 02:55:43,Gosto dos 2 :( #MasterChefBR
2018-07-18 02:55:41,"Cora√ß√£o apertado, a ""final"" est√° entre Major e Hugo :( #MasterChefBR"
2018-07-18 02:54:48,Hugo e Major na prova de elimina√ß√£o... hoje o #MasterChefBR vai ser triste de qualquer maneira. :(
2018-07-18 02:53:55,"Eu gosto da Maria Ant√¥nia, queria que a Eliane tivesse pra sair #masterchefbr mas est√£o meus dois bolinhos na elimina√ß√£o  :("
2018-07-18 02:53:12,RT @gabstav: esse duelo de hoje era pra ser na final :( #MasterChefBR
2018-07-18 02:52:25,esse duelo de hoje era pra ser na final :( #MasterChefBR
2018-07-18 02:52:24,"Hugo e Tiago, era a final que eu queria :( 
#MasterChefBR"
2018-07-18 02:51:38,"#MasterChefBR queria que a Maria Ant√¥nia estivesse nessa prova, n√£o o Hugo :("
2018-07-18 02:49:44,Meus favoritos na elimina√ß√£o :-( Com tristeza sinto que este √© um adeus ao major. #masterchefbr
2018-07-18 02:48:56,"RT @fal81: #masterchefbr minha final t√£o sonhada, sendo antecipada... :("
2018-07-18 02:46:39,RT @RildoArantesVS: Temos uma Final Antecipada: Major vs Hugo... Uma pena qualquer um deles sa√≠rem :( #MasterChefBR
2018-07-18 02:46:21,acho que o hugo sai :(  #MasterChefBR
2018-07-18 02:46:04,"RT @fal81: #masterchefbr minha final t√£o sonhada, sendo antecipada... :("
2018-07-18 02:45:58,meu hugo n√£o pode sair :( eu vou chorar to em crise #MasterChefBR
2018-07-18 02:45:34,"#masterchefbr minha final t√£o sonhada, sendo antecipada... :("
2018-07-18 02:45:25,"Sa√≠ do the voice e vi o Hugo com o avental preto
:( 
#MasterChefBR"
2018-07-18 02:45:12,vou ficar t√£o triste se o Major sair :( #masterchefbr
2018-07-18 02:44:54,"#MasterChefBR meus dois favoritos, um sai hj. :("
2018-07-18 02:44:26,"@HugoMChef principe, sai nao!! :( #masterchefbr"
2018-07-18 02:44:08,#MasterChefBR UMA FINAL ANTECIPADA... :(
2018-07-18 02:43:01,Que tristeza essa elimina√ß√£o do #masterchefbr hoje :(
2018-07-18 02:42:40,Mais um dia sem poder ver o #masterchefbr :(
2018-07-18 02:42:32,"E agora, que eu gosto dos dois?! :( 
#masterchefbr"
2018-07-18 02:42:19,"X1 do Major com o Hugo, os 2 melhores! Tenso :( #MasterChefBR"
2018-07-18 02:42:00,RT @RildoArantesVS: Temos uma Final Antecipada: Major vs Hugo... Uma pena qualquer um deles sa√≠rem :( #MasterChefBR
2018-07-18 02:41:42,Meninas infelizmente sentindo que √© hoje que nosso anjo celestial enviado por Deus HUGO sai. T√° muito abatido :(‚Ä¶ https://t.co/TtfZqjVDuI
2018-07-18 02:41:23,Temos uma Final Antecipada: Major vs Hugo... Uma pena qualquer um deles sa√≠rem :( #MasterChefBR
2018-07-18 02:39:48,"SANTA CABRA PRETA TENHA PODER, PQ SUBIRAM A MARIA ANT√îNIA??????? SOBE S√ì A ELIANE POXA :( #MasterChefBR"
2018-07-18 02:38:39,N√£o acredito que a prova de elimina√ß√£o √© entre o Hugo e o Major :( #MasterChefBR
2018-07-18 02:36:57,"O que ? Hugo r Major na elimina√ß√£o? Ahh, vai pra pqp ! :( 

#MasterChefBR"
2018-07-18 02:36:13,Hugo e Thiago se enfrentando a elimina√ß√£o N√ÉOOOOOO :( #MasterChefBR
2018-07-18 02:33:03,Tadinhos :( #MasterChefBR
2018-07-18 02:30:39,"Ah pronto
Ferrou pros meninos :( #MasterChefBR"
2018-07-18 02:30:30,@masterchefbr #masterchefbr Os meninos v√£o se dar mal na sobremesa :((
2018-07-18 02:30:28,CHEGUEI para ver meu maravilhoso #MasterChefBR. Terei que ver o come√ßo no YouTube amanh√£ :(.
2018-07-18 02:28:48,Aaa nao.. gostaram da sobremesa das meninas :( #MasterChefBR
2018-07-18 02:17:17,N√£o fala assim com o Hugo @PaolaCarosella  :( #MasterChefBR
2018-07-18 02:10:43,"Hugo n√£o pode sair :((
#MasterChefBR"
2018-07-18 02:10:40,ai meu menino Hugo n√£o pode sair hoje :( #MasterChefBR
2018-07-18 02:09:44,Tadinho do Hugo meu Deus :( #MasterChefBR
2018-07-18 02:09:42,Tadinho dos meninos! :( #MasterChefBR
2018-07-18 02:08:46,Gente :( #MasterChefBR
2018-07-18 02:08:42,"A parte ruim do #MasterChefBR  √© que cada epis√≥dio, sai uma pessoa :("
2018-07-18 02:01:16,"Hugo ta t√£o tristinho no depoimento, espero que ele n√£o tenha sido eliminado :( #MasterChefBR"
2018-07-18 01:40:26,Hugo parece meio triste nos coment√°rios. Espero que ele n√£o saia hoje :( #MasterChefBR
2018-07-18 01:39:13,RT @Gatikarj: Eu quero vinho :( #MasterChefBR
2018-07-18 01:38:31,Eu quero vinho :( #MasterChefBR
2018-07-18 01:36:09,o hugo sozinho :(((( #MasterChefBR
2018-07-18 01:32:34,RT @poxandreza_: ainda n√£o superei a sa√≠da da Katleen :( #MasterChefBr
2018-07-18 01:32:08,ainda n√£o superei a sa√≠da da Katleen :( #MasterChefBr
2018-07-17 12:39:27,Hoje tem #MasterChefBR e eu n√£o dormi bem o suficiente pra ficar ate 1:30/1:40  assistindo. :(
2018-07-14 06:28:39,"Hora de dormi, #MasterChefBR perdeu a melhor cozinheira :("
2018-07-12 21:47:42,"MANO, A KETLEEN SAIU! Decepcionado com o #MasterChefBR :(

Tomara que o Hugo ganhe agora j√° que ela saiu.. :/"
2018-07-12 02:01:47,"ai n√£o a katleen :(
#MasterChefBR"
2018-07-11 14:20:37,"#MasterChefBR eu to sem acreditar que meu cristal saiu
SO PQ EU NAO ASSISTI ONTEM :("
2018-07-11 11:30:12,"A menina tava fazendo hora extra mesmo, ela estava errando j√° h√° v√°rias rodadas

:-(

(ainda n√£o vi o final, mas ce‚Ä¶ https://t.co/rzTHDgqoUJ"
2018-07-11 03:46:59,"a katleen era muito a minha fav, eu n√£o admito isso :( #MasterChefBR"
2018-07-11 03:45:35,"RT @camilasloml: eu amo a paola, acho ela maravilhosa, mas doeu muito ver ela falando daquela forma com a menina katleen :((( #MasterChefBR"
2018-07-11 03:44:47,"eu amo a paola, acho ela maravilhosa, mas doeu muito ver ela falando daquela forma com a menina katleen :((( #MasterChefBR"
2018-07-11 03:39:03,#MasterChefBR muito bad pela sa√≠da da fada Katleen :(
2018-07-11 03:36:11,"N√£o tenho palavras vendo minha favorita ir embora, RIP Katleen :(
#MasterChefBR"
2018-07-11 03:30:35,#MasterChefBR n√£√£√£√£o!!! @LacerdaKatleen torci por voc√™ at√© agora pela simplicidade e simpatia. Uma pena n√£o te ver‚Ä¶ https://t.co/fgdH9r0GLs
2018-07-11 03:29:25,"Eu t√¥ muito triste que a Katleen saiu :( 
#MasterChefBR"
2018-07-11 03:28:52,Cora√ß√£o na m√£o com a saida da Katleen :( #MasterChefBR
2018-07-11 03:28:41,tadinho do Hugo :( #MasterChefBR
2018-07-11 03:27:56,Meu menino ta sozinho :( #MasterChefBR
2018-07-11 03:27:27,√© por isso que eu te amo katleen :( #MasterChefBR
2018-07-11 03:26:52,"Tadinho do Hugo :( tomara que ganha, esse master chef √© seu!!!
#MasterChefBR"
2018-07-11 03:26:34,"Katleen saiu, n√£o acreditooooooooooooooo, o programa era dela :(
#MasterChefBR"
2018-07-11 03:26:32,"s√≥ me sobra o hugo agora eu n√£o acredito eu to mal :( 
tadinho do hugo ficou muito desolado agora #MasterChefBR"
2018-07-11 03:26:31,RT @heeyluana: Num acredito que a Katleen saiu e a Maria Ant√¥nia nojenta continua :( #MasterChefBR
2018-07-11 03:26:18,katleen n√£o :( #MasterChefBR
2018-07-11 03:26:13,#MasterChefBR AH N√ÉO MANO :(((
2018-07-11 03:25:58,Num acredito que a Katleen saiu e a Maria Ant√¥nia nojenta continua :( #MasterChefBR
2018-07-11 03:25:52,"Aaaaaaa n, a @KatleenMChef n√£o.   :( poxa essa √© uma das mais tristes elimina√ß√µes desde a Irina #timeHugo #masterchefbr @masterchefbr"
2018-07-11 03:25:49,"Ai n√£o t√¥ sabendo lidar, primeiro Victor Hugo e agora a katleen :( #MasterChefBR"
2018-07-11 03:25:47,Ai a Ket :( #MasterChefBR t√¥ arrasada
2018-07-11 03:25:41,um nenenzinho desses :( #MasterChefBR
2018-07-11 03:25:40,a poia saiu :( #MasterChefBR
2018-07-11 03:25:40,"Katleen n√£o se v√° :(
#MasterchefBr"
2018-07-11 03:25:32,e realmente n√£o sei pq j√° que teve outros participantes que j√° erraram at√© mais do que ela e nunca levaram coices a‚Ä¶ https://t.co/qRDfY5wlao
2018-07-11 03:25:32,"mano, a minha bichinha n√£o :( #MasterChefBR"
2018-07-11 03:25:24,#MasterChefBR acabou pra mim hoje junto com a @KatleenMChef  :((
2018-07-11 03:25:16,"Ai a Kat n√£o :((
#MasterChefbr"
2018-07-11 03:25:00,"Ai, Katleen, pq me matou!? :( #MasterChefBR"
2018-07-11 03:24:49,A minha bichinha saiu :((((( agora s√≥ tem o Hugo pra representar o lado bom da for√ßa. #MasterChefBR
2018-07-11 03:24:48,eu nao vou chorar eu nao vou chorar eu nao vou :( #MasterChefBr
2018-07-11 03:24:45,n√£o acredito :( a katleen #MasterChefBR
2018-07-11 03:24:42,Acaba #MasterChefBR pq dps de hj eu n quero mais assistir :(
2018-07-11 03:24:36,√© agora :( #MasterChefBR
2018-07-11 03:24:35,"EU N√ÉO ACREDITO NISSO EU VOU MATAR UM NESSA BANDEIRANTES 
KATLEEN FADA :((
#MasterChefBR https://t.co/gLg4OGWOkv"
2018-07-11 03:24:31,"Genteeee, to maaalllll, meu consolo √© o Hugo! :( #MasterChefBr"
2018-07-11 03:24:28,que sacanagem :((( #masterchefbr
2018-07-11 03:24:21,Eu t√¥ muito mal agora :( #MasterChefBR
2018-07-11 03:24:06,Tadinha da minha bb :(((((( #masterchefbr
2018-07-11 03:23:56,AAAH N√ÉO :( #MasterChefBR
2018-07-11 03:23:53,"A Katleen saiu, eu tava com um sentimento de que ela ia sair hoje :( #MasterChefBr"
2018-07-11 03:23:16,Ai pqp Thiago :( #MasterChefBR
2018-07-11 03:22:49,√© agora :( #MasterChefBR
2018-07-11 03:22:39,"Ai! √â agora... :-(
#MasterChefBR #FicaKatleen"
2018-07-11 03:22:28,√© agora :( #MasterChefBR
2018-07-11 03:21:54,RT @kalinafaria: essa ta sendo a pior temporada do masterchef :( gente que n√£o merece NADA ficando e gente que cozinha mesmo indo embora #M‚Ä¶
2018-07-11 03:19:36,"pelo o que o Foga√ßa disse, acho que infelizmente minha bb Katleen sai :( mas espero estar errada #MasterChefBR"
2018-07-11 03:19:07,essa ta sendo a pior temporada do masterchef :( gente que n√£o merece NADA ficando e gente que cozinha mesmo indo embora #MasterChefBR
2018-07-11 03:18:10,"√â meus amigos, j√° sabemos quem vai sair :( #MasterChefBr"
2018-07-11 03:17:28,"a verdade √© que eu gosto dos 5, queria que os 5 ficassem :( #MasterChefBR"
2018-07-11 03:17:24,Acho que a Katleen vai sair :( #MasterChefBR
2018-07-11 03:17:03,Kat vai sair :( meu otp vai ser desfeito #MasterChefBR
2018-07-11 03:16:05,Putz a Katleen vai sair :(( #MasterChefBR
2018-07-11 03:15:58,"#MasterChefBR eh gente, a katleen vai sair :((((((("
2018-07-11 03:14:45,RT @allingordo: pfvr katlen n√£o sai :(((( #MasterChefBR
2018-07-11 03:14:37,Infelizmente acho que a Katleen vai sair :(  #MasterChefBR
2018-07-11 03:14:26,RT @biancapwreira: n√£o quero que a minha nene saia :( #MasterChefBR https://t.co/hwOiRI1KVy
2018-07-11 03:14:02,n√£o quero que a minha nene saia :( #MasterChefBR https://t.co/hwOiRI1KVy
2018-07-11 03:13:32,"eu to passando mal, a Katleen tem que ir pro mezanino meu deus :(  #MasterchefBR"
2018-07-11 03:13:04,pfvr katlen n√£o sai :(((( #MasterChefBR
2018-07-11 03:12:52,Pela conversa dos chefs a Katleen sai :( #MasterChefBR
2018-07-11 03:12:18,Gente certeza que a Paola vai voltar na kat :( #MasterChefBr
2018-07-11 03:12:09,logo meus amores :( #MasterChefBr
2018-07-11 03:11:30,RT @dakotasafada: n√£o quero que o thiago saia :( #MasterChefBR
2018-07-11 03:11:27,"Eu at√© gosto do Major, mas n√£o, a Katleen n√£o pode sair :(
 #MasterChefBR"
2018-07-11 03:11:22,os dois que eu n√£o queria que sa√≠sse.... :( #MasterChefBR
2018-07-11 03:11:21,"N√£o quero mas acho que a Katleen vai sair, minha favorita :( #MasterChefBR"
2018-07-11 03:10:56,"Katleen postou que hoje era um programa muito especial, pensei ""ou vai muito bem, ou sai"". Pelo visto vai sair :( #MasterChefBR"
2018-07-11 03:10:51,n√£o quero que o thiago saia :( #MasterChefBR
2018-07-11 03:10:31,"RT @feelsafonso: #MasterChefBR
ela olhou pro hugo e falou ""desculpa"", eu vou chorar :( https://t.co/gWzr3Tfhb9"
2018-07-11 03:10:28,#MasterChefBR ainda acho q a katleen sai :((((((((
2018-07-11 03:10:27,"Eu gosto do Major :( mas entre ele e a Kat, prefiro ela üòû #masterchefbr"
2018-07-11 03:09:35,se a Ketleen sair eu vou fica muito triste :( #MasterChefBr
2018-07-11 03:09:34,Acho que a kat vai sair :( t√¥ triste demais  #MasterChefBr
2018-07-11 03:09:10,RT @eaikirida: AI GENTE JA ERA PERDEMOS A NOSSA KATLEEN :(((((( #MasterChefBR
2018-07-11 03:09:03,"RT @carolzzeta: a katleen pedindo desculpa pro hugo, meu deus que lindos :( #masterchefbr"
2018-07-11 03:09:02,"RT @carolzzeta: a katleen pedindo desculpa pro hugo, meu deus que lindos :( #masterchefbr"
2018-07-11 03:08:52,"se a katleen sair s√≥ me sobra o hugo de fav aaaaaa n√£o eu posso com isso n√£o n√£o meu shipp n√£ooo 
:( #MasterChefBR‚Å† ‚Å†"
2018-07-11 03:08:51,desculpa major mas entre vc e a katleen eu queria que a katleen ficasse :( #MasterChefBr
2018-07-11 03:08:41,N√£o t√¥ sabendo lidar com ela pedindo desculpas pro Hugo :((((((( #MasterChefBR
2018-07-11 03:08:23,"a katleen pedindo desculpa pro hugo, meu deus que lindos :( #masterchefbr"
2018-07-11 03:08:18,"RT @feelsafonso: #MasterChefBR
ela olhou pro hugo e falou ""desculpa"", eu vou chorar :( https://t.co/gWzr3Tfhb9"
2018-07-11 03:08:04,ai o casalzinho :( #MasterChefBR
2018-07-11 03:07:51,Eu acho que katleen sai hein :( #MasterChefBr
2018-07-11 03:07:42,"eu acho que √© a ketleen que sai, pq nos v√≠deos de coment√°rio das provas ela parecia ter chorado e estar com o olho inchado :( #MasterChefBR"
2018-07-11 03:07:42,"#MasterChefBR
ela olhou pro hugo e falou ""desculpa"", eu vou chorar :( https://t.co/gWzr3Tfhb9"
2018-07-11 03:07:39,AI GENTE JA ERA PERDEMOS A NOSSA KATLEEN :(((((( #MasterChefBR
2018-07-11 03:07:36,RT @mordomoeugenio: Putz Ketleen vai sair e vai ser 7 a 1 :( #masterchefBR
2018-07-11 03:07:30,RT @masoksandy: Paola acaba com a minha katleen NOSSA :( #MasterChefBR
2018-07-11 03:07:28,acho que hoje n√£o da pra katleen :( triste  #MasterChefBR
2018-07-11 03:07:20,"Ixi, acho que a Katleen vai rodar :( #MasterChefBR"
2018-07-11 03:07:16,se a katleen sair hoje eu vou ficar muito triste :( #MasterChefBR
2018-07-11 03:07:14,ai minha bichinha :( #MasterChefBR
2018-07-11 03:07:00,Meu Deus :( #MasterChefBR
2018-07-11 03:06:49,Putz Ketleen vai sair e vai ser 7 a 1 :( #masterchefBR
2018-07-11 03:06:48,Paola acaba com a minha katleen NOSSA :( #MasterChefBR
2018-07-11 03:06:47,ah n√£o Katleinenenynene :( #MasterChefBR
2018-07-11 03:06:47,"#MasterChefBR
j√° sabemos quem sai hoje :("
2018-07-11 03:06:45,Paola n√£o precisa falar assim com o meu nen√©m kat :( #MasterChefBR
2018-07-11 03:06:41,"Vixi, Katleen sendo derrubada :( #MasterChefBR"
2018-07-11 03:06:27,eu n√£o acredito que a Katleen vai sair pqp :( #MasterChefBR
2018-07-11 03:06:18,"Aaaaahh t√¥ triste, Paola n√£o assim com a nossa princesa :( #MasterChefBR"
2018-07-11 03:06:12,"Ai gente :(
Ningu√©m gostou do prato dela #MasterChefBR"
2018-07-11 03:05:53,MEU DEUS NAO CRITICA O PRATO DA MINHA KATLEEN MEU PAI AMADOOOOOO MEU NENEM VAI SAIR :( #MASTERCHEFBR
2018-07-11 03:03:23,hoje √© o dia n√©? De dar tchau a nossa fada katleen. N√£o t√¥ preparada :( #MasterChefBR
2018-07-11 03:02:47,Sentindo que Katleen vai se dar mal :(( #MasterChefBR
2018-07-11 03:01:24,Ih gente ser√° que a Katlen sai hoje? :( #MasterChefBR
2018-07-11 02:59:29,"nao acredito que ela foi bem com sopa :( 
#Masterchefbr"
2018-07-11 02:55:07,"Eu t√¥ notando a katleen t√£o pra baixo hoje, t√¥ nervosa com medo da fada sair :( #MasterChefBR"
2018-07-11 02:52:30,#MasterChefBR Poderia ao menos em UMA temporada ganhar um ga√∫cho. :(
2018-07-11 02:47:37,Credo ü§¢ coitado do jacar√© :( #MasterChefBR
2018-07-11 02:44:45,meu Major est√° morto :( #MasterChefBR
2018-07-11 02:41:11,"acho que Maria Ant√¥nia sai hj :(
#MasterChefbr"
2018-07-11 02:38:57,Eu sinto que o n√≠vel da temporada passada pra essa caiu bastante :( #MasterChefBR #MasterChef
2018-07-11 02:36:35,tadinhos dos jacar√©s :( #MasterChefBR
2018-07-11 02:35:51,mataram o Jacar√© filhote :( #masterchefbr
2018-07-11 02:35:35,RT @gabibcomenta: katleen merecia estar no mezanino tamb√©m :( #MasterchefBR
2018-07-11 02:35:13,katleen merecia estar no mezanino tamb√©m :( #MasterchefBR
2018-07-11 02:34:39,#MasterChefBR A Katleen tinha q ta no mezanino tmb :(
2018-07-11 02:34:27,Trist√≠ssima que a katleen foi bem mas n√£o subiu :( #MasterChefBR
2018-07-11 02:33:41,Os dois eram pra subir :( #MasterChefBR
2018-07-11 02:32:40,podia subir os dois :( #MasterChefBR
2018-07-11 02:30:13,RT @resiIiences: que saudade da rita :(  #MasterChefBR
2018-07-11 02:25:04,que saudade da rita :(  #MasterChefBR
2018-07-11 02:24:43,"Ah n√£o Lilly, n√£o erra :( ....quero que vc continue. #MasterChefBR"
2018-07-11 02:15:31,Tiago t√° me decepcionando :( #MasterChefBR
2018-07-11 02:14:56,"Essa √© turma mais fraca que o Masterchef j√° teve... Que pregui√ßa desse povo que sobrou 
:(  #MasterChefBR"
2018-07-11 02:04:36,Sem panela de pressao FICA DIF√çCIL :( #MasterChefBR
2018-07-11 02:02:23,Paola trata meus favs t√£o dura de um jeito que eu fico at√© triste :( #MasterChefBR
2018-07-11 01:53:21,quem diria que eu ficaria revirando os olhos pro major nessa altura do jogo? porque foi se unir com essas u√≥s major :( #MasterChefBR
2018-07-11 01:49:56,"Eu adoro demais o Major, mas tamb√©m adoro demais o Hugo.. que nenhum dos dois saia hoje :( #masterchefBR"
2018-07-11 01:48:41,t√° demorando muito pra crescer rs :( #MasterChefBR
2018-07-11 01:44:38,#MasterChefBR nem da pra imaginar que j√° t√° acabando :(
2018-07-11 01:41:20,Perdi a ana paula falando as propagandas :( #MasterChefBR
